name,email,organization,student_status,created_at
Erin Fox,no_way_640@execonline.com,"ExecOnline, Inc.",Enrolled,10-24-2013 10:48 am
Julianne Heller,heller.julianne-708@example.com,Kuhlman LLC,Graduated,10-24-2013 10:48 am
David Foster,dfoster@execonline.com,"ExecOnline, Inc.",Enrolled,12-11-2013 03:59 pm
William Cain,no_way_804@execonline.com,"ExecOnline, Inc.",Graduated,04-10-2014 08:59 am
Don Bennett,no_way_805@execonline.com,"ExecOnline, Inc.",Graduated,04-10-2014 08:59 am
Aaron Armstrong,aarmstrong.visa@execonline.com,"ExecOnline, Inc.",Graduated,04-10-2014 08:59 am
Miles Webb,mwebb.visa@execonline.com,"ExecOnline, Inc.",Graduated,04-10-2014 09:00 am
Dean Duncan,no_way_808@execonline.com,"ExecOnline, Inc.",Graduated,04-10-2014 09:00 am
Renee Eastman,no_way_809@execonline.com,"ExecOnline, Inc.",Graduated,04-10-2014 09:00 am
Fuat Koro,fkoro.bose@execonline.com,"ExecOnline, Inc.",Graduated,04-10-2014 09:00 am
Scott Gossard,no_way_811@execonline.com,"ExecOnline, Inc.",Graduated,04-10-2014 09:00 am
Mike Parker,no_way_812@execonline.com,"ExecOnline, Inc.",Graduated,04-10-2014 09:00 am
John Martin,no_way_813@execonline.com,"ExecOnline, Inc.",Graduated,04-10-2014 09:00 am
Yasuhiko Ogawa,yogawa.visa@execonline.com,"ExecOnline, Inc.",Graduated,04-10-2014 09:00 am
Sonia Sng,ssng.visa@execonline.com,"ExecOnline, Inc.",Graduated,04-10-2014 09:00 am
Heatherly Dukes,no_way_816@execonline.com,"ExecOnline, Inc.",Graduated,04-10-2014 09:00 am
Rolf Ziesing,no_way_817@execonline.com,"ExecOnline, Inc.",Graduated,04-10-2014 09:00 am
Huey Tyng Ooi,htooi.visa@execonline.com,"ExecOnline, Inc.",Graduated,04-10-2014 09:00 am
Hamish Mitchell,no_way_821@execonline.com,"ExecOnline, Inc.",Graduated,04-10-2014 09:00 am
Mario Dorio,no_way_822@execonline.com,"ExecOnline, Inc.",Graduated,04-10-2014 09:00 am
Miguel Sainz,no_way_823@execonline.com,"ExecOnline, Inc.",Graduated,04-10-2014 09:00 am
Anu Sandhu,no_way_824@execonline.com,"ExecOnline, Inc.",Graduated,04-10-2014 09:00 am
Ben Brookes,no_way_825@execonline.com,"ExecOnline, Inc.",Graduated,04-10-2014 09:00 am
Jen Kimball,no_way_827@execonline.com,"ExecOnline, Inc.",Graduated,04-10-2014 09:00 am
David Baker,no_way_828@execonline.com,"ExecOnline, Inc.",Graduated,04-10-2014 09:00 am
Nicole Stephen,no_way_829@execonline.com,"ExecOnline, Inc.",Graduated,04-10-2014 09:00 am
Gary Waters,no_way_830@execonline.com,"ExecOnline, Inc.",Graduated,04-10-2014 09:00 am
Pierre-Olivier Bard,no_way_831@execonline.com,"ExecOnline, Inc.",Graduated,04-10-2014 09:00 am
Julia Kemp,no_way_832@execonline.com,"ExecOnline, Inc.",Graduated,04-10-2014 09:00 am
Anthony Ruffine,no_way_833@execonline.com,"ExecOnline, Inc.",Graduated,04-10-2014 09:00 am
Dan Boss,no_way_834@execonline.com,"ExecOnline, Inc.",Graduated,04-10-2014 09:00 am
Tim Sandkuhler,no_way_835@execonline.com,"ExecOnline, Inc.",Graduated,04-10-2014 09:00 am
David Templeton,no_way_836@execonline.com,"ExecOnline, Inc.",Graduated,04-10-2014 09:00 am
Brian Gordon,no_way_837@execonline.com,"ExecOnline, Inc.",Graduated,04-10-2014 09:00 am
Sujit Kankanwadi,no_way_838@execonline.com,"ExecOnline, Inc.",Graduated,04-10-2014 09:00 am
Michael Vorp,no_way_839@execonline.com,"ExecOnline, Inc.",Graduated,04-10-2014 09:00 am
Brian Burke,no_way_841@execonline.com,"ExecOnline, Inc.",Graduated,04-10-2014 09:00 am
Chris Flynn,no_way_842@execonline.com,"ExecOnline, Inc.",Graduated,04-10-2014 09:00 am
Anwar Awad,no_way_843@execonline.com,"ExecOnline, Inc.",Graduated,04-10-2014 09:00 am
Ajay Singh,no_way_844@execonline.com,"ExecOnline, Inc.",Graduated,04-10-2014 09:00 am
Desmond Tan,no_way_845@execonline.com,"ExecOnline, Inc.",Graduated,04-10-2014 09:00 am
Jeff Grimm,jgrimm.visa@execonline.com,"ExecOnline, Inc.",Graduated,04-10-2014 09:00 am
David Henstock,dhenstock.visa@execonline.com,"ExecOnline, Inc.",Graduated,04-10-2014 09:00 am
Cindy O'Neill,coneill.visa@execonline.com,"ExecOnline, Inc.",Graduated,04-10-2014 09:00 am
Jeremy Wells,no_way_849@execonline.com,"ExecOnline, Inc.",Graduated,04-10-2014 09:00 am
Alvin Bisarya,no_way_850@execonline.com,"ExecOnline, Inc.",Graduated,04-10-2014 09:00 am
Maria Duhan,mduhan.kaplan@execonline.com,"ExecOnline, Inc.",Graduated,04-10-2014 09:00 am
Pratheep Balasingam,no_way_852@execonline.com,"ExecOnline, Inc.",Graduated,04-10-2014 09:00 am
Jonathan Gonsky,no_way_853@execonline.com,"ExecOnline, Inc.",Graduated,04-10-2014 09:00 am
Andre Meesschaert,no_way_854@execonline.com,"ExecOnline, Inc.",Graduated,04-10-2014 09:00 am
Stephen Brown,no_way_855@execonline.com,"ExecOnline, Inc.",Graduated,04-10-2014 09:00 am
Rick Wainschel,no_way_856@execonline.com,"ExecOnline, Inc.",Graduated,04-10-2014 09:00 am
Duncan Frost,no_way_857@execonline.com,"ExecOnline, Inc.",Graduated,04-10-2014 09:00 am
Wade Tiedeman,no_way_858@execonline.com,"ExecOnline, Inc.",Graduated,04-10-2014 09:00 am
Bari Biswas,no_way_859@execonline.com,"ExecOnline, Inc.",Graduated,04-10-2014 09:00 am
Tom Walker,no_way_860@execonline.com,"ExecOnline, Inc.",Graduated,04-10-2014 09:00 am
Bernice Cramer,no_way_861@execonline.com,"ExecOnline, Inc.",Graduated,04-10-2014 09:00 am
Sanjiv Lal,no_way_862@execonline.com,"ExecOnline, Inc.",Enrolled,04-10-2014 09:00 am
Connie Suozzo,no_way_863@execonline.com,"ExecOnline, Inc.",Graduated,04-10-2014 09:00 am
Carter Theissen,no_way_864@execonline.com,"ExecOnline, Inc.",Graduated,04-10-2014 09:00 am
Randy Schieber,rschieber.visa@execonline.com,"ExecOnline, Inc.",Graduated,04-10-2014 09:00 am
Saurabh Chopra,schopra.visa@execonline.com,"ExecOnline, Inc.",Graduated,04-10-2014 09:00 am
George Fournier,no_way_867@execonline.com,"ExecOnline, Inc.",Enrolled,04-10-2014 09:00 am
Stephanie Caldwell,no_way_868@execonline.com,"ExecOnline, Inc.",Enrolled,04-10-2014 09:00 am
Howard Rosenstein,no_way_869@execonline.com,"ExecOnline, Inc.",Enrolled,04-10-2014 09:00 am
Tim Perlick,no_way_870@execonline.com,"ExecOnline, Inc.",Enrolled,04-10-2014 09:00 am
Nader Shwayhat,no_way_871@execonline.com,"ExecOnline, Inc.",Enrolled,04-10-2014 09:00 am
Tim McCourt,no_way_872@execonline.com,"ExecOnline, Inc.",Enrolled,04-10-2014 09:00 am
Jagdish Krishnan,no_way_873@execonline.com,"ExecOnline, Inc.",Enrolled,04-10-2014 09:00 am
Doug Lankford,no_way_874@execonline.com,"ExecOnline, Inc.",Graduated,04-10-2014 09:00 am
Kunal Chatterjee,kchatterjee.visa@execonline.com,"ExecOnline, Inc.",Enrolled,04-10-2014 09:00 am
Tom Cotterill,no_way_878@execonline.com,"ExecOnline, Inc.",Enrolled,04-10-2014 09:00 am
Sara Sander,no_way_880@execonline.com,"ExecOnline, Inc.",Enrolled,04-10-2014 09:00 am
Brian Caputo,no_way_881@execonline.com,"ExecOnline, Inc.",Enrolled,04-10-2014 09:00 am
David Trabulsi,no_way_882@execonline.com,"ExecOnline, Inc.",Enrolled,04-10-2014 09:00 am
Rob Taylor,no_way_883@execonline.com,"ExecOnline, Inc.",Enrolled,04-10-2014 09:00 am
Jon Cooley,no_way_885@execonline.com,"ExecOnline, Inc.",Enrolled,04-10-2014 09:00 am
Chris Bunker,no_way_886@execonline.com,"ExecOnline, Inc.",Enrolled,04-10-2014 09:00 am
Brian Maguire,no_way_887@execonline.com,"ExecOnline, Inc.",Enrolled,04-10-2014 09:00 am
Laurie Drake,no_way_889@execonline.com,"ExecOnline, Inc.",Enrolled,04-10-2014 09:00 am
David Teeven,no_way_890@execonline.com,"ExecOnline, Inc.",Enrolled,04-10-2014 09:00 am
Bill Jacobs,no_way_891@execonline.com,"ExecOnline, Inc.",Enrolled,04-10-2014 09:00 am
Guy Chiswick,no_way_892@execonline.com,"ExecOnline, Inc.",Enrolled,04-10-2014 09:00 am
Joyce Schnur,no_way_894@execonline.com,"ExecOnline, Inc.",Enrolled,04-10-2014 09:00 am
Erin Fox,efox.kaplan@execonline.com,"ExecOnline, Inc.",Graduated,04-10-2014 09:00 am
Rob Nichols,no_way_898@execonline.com,"ExecOnline, Inc.",Enrolled,04-10-2014 09:00 am
Eileen Eichman,no_way_899@execonline.com,"ExecOnline, Inc.",Enrolled,04-10-2014 09:00 am
Sunee Thorsen,no_way_901@execonline.com,"ExecOnline, Inc.",Graduated,04-10-2014 09:00 am
Josh Weisler,no_way_902@execonline.com,"ExecOnline, Inc.",Graduated,04-10-2014 09:00 am
Jabu Basopo,jbasopo.visa@execonline.com,"ExecOnline, Inc.",Graduated,04-10-2014 09:00 am
Katarzyna Sosin,ksosin.visa@execonline.com,"ExecOnline, Inc.",Graduated,04-10-2014 09:00 am
Marcello Baricordi,mbaricordi.visa@execonline.com,"ExecOnline, Inc.",Graduated,04-10-2014 09:00 am
Jeremy Lewis,no_way_906@execonline.com,"ExecOnline, Inc.",Graduated,04-10-2014 09:00 am
Darren Mornin,no_way_907@execonline.com,"ExecOnline, Inc.",Graduated,04-10-2014 09:00 am
LeEtta Pearce,no_way_908@execonline.com,"ExecOnline, Inc.",Graduated,04-10-2014 09:00 am
Tina Drews,tdrews.srp@execonline.com,"ExecOnline, Inc.",Enrolled,04-10-2014 09:00 am
Kevin Corser,kcorser.kaplan@execonline.com,"ExecOnline, Inc.",Enrolled,04-10-2014 09:00 am
John Smithson,no_way_912@execonline.com,"ExecOnline, Inc.",Graduated,04-10-2014 09:00 am
Todd Shea,no_way_913@execonline.com,"ExecOnline, Inc.",Graduated,04-10-2014 09:00 am
John Coggins,no_way_914@execonline.com,"ExecOnline, Inc.",Enrolled,04-10-2014 09:00 am
Chris Neumann,no_way_915@execonline.com,"ExecOnline, Inc.",Graduated,04-10-2014 09:00 am
Larry Weinstein,no_way_918@execonline.com,"ExecOnline, Inc.",Graduated,04-10-2014 09:00 am
Paul Ford,no_way_919@execonline.com,"ExecOnline, Inc.",Graduated,04-10-2014 09:00 am
Krista Marlatt,no_way_920@execonline.com,"ExecOnline, Inc.",Enrolled,04-10-2014 09:00 am
Tim Hand,no_way_921@execonline.com,"ExecOnline, Inc.",Graduated,04-10-2014 09:00 am
Chris Perriello,no_way_922@execonline.com,"ExecOnline, Inc.",Graduated,04-10-2014 09:00 am
 Antonette Davis,davis.antonette-923@example.com,"ExecOnline, Inc.",Graduated,04-10-2014 09:00 am
Robert Moussavi,no_way_924@execonline.com,"ExecOnline, Inc.",Enrolled,04-10-2014 09:00 am
Jeff Morrison,no_way_925@execonline.com,"ExecOnline, Inc.",Graduated,04-10-2014 09:00 am
Marta O'Shea,moshea.visa@execonline.com,"ExecOnline, Inc.",Graduated,04-10-2014 09:00 am
Hector Rodriguez,hrodriguez.visa@execonline.com,"ExecOnline, Inc.",Graduated,04-10-2014 09:00 am
Paul Wilson,no_way_929@execonline.com,"ExecOnline, Inc.",Enrolled,04-10-2014 09:00 am
Dick McGinnis,no_way_930@execonline.com,"ExecOnline, Inc.",Graduated,04-10-2014 09:00 am
David Weinstein,no_way_931@execonline.com,"ExecOnline, Inc.",Graduated,04-10-2014 09:00 am
Buvna Ayyagari-Sangamalli,no_way_932@execonline.com,"ExecOnline, Inc.",Graduated,04-10-2014 09:00 am
Jeff Johnson,no_way_933@execonline.com,"ExecOnline, Inc.",Graduated,04-10-2014 09:00 am
Ken Lee,no_way_934@execonline.com,"ExecOnline, Inc.",Graduated,04-10-2014 09:00 am
Nina Mullins,no_way_935@execonline.com,"ExecOnline, Inc.",Graduated,04-10-2014 09:00 am
Eileen Alexopoulos,no_way_936@execonline.com,"ExecOnline, Inc.",Graduated,04-10-2014 09:00 am
Barbara Lawler,no_way_937@execonline.com,"ExecOnline, Inc.",Graduated,04-10-2014 09:00 am
Joel Duling,no_way_938@execonline.com,"ExecOnline, Inc.",Graduated,04-10-2014 09:00 am
Emily Koontz,no_way_939@execonline.com,"ExecOnline, Inc.",Graduated,04-10-2014 09:00 am
Tanya Sanders,tsanders.visa@execonline.com,"ExecOnline, Inc.",Graduated,04-10-2014 09:00 am
Karim Beg,kbeg.visa@execonline.com,"ExecOnline, Inc.",Graduated,04-10-2014 09:00 am
Kenneth Duckworth,no_way_942@execonline.com,"ExecOnline, Inc.",Graduated,04-10-2014 09:00 am
Claire Comstock,no_way_943@execonline.com,"ExecOnline, Inc.",Graduated,04-10-2014 09:00 am
Arnie Vandoren,avandoren.bose@execonline.com,"ExecOnline, Inc.",Graduated,04-10-2014 09:00 am
Robert Birmingham,no_way_945@execonline.com,"ExecOnline, Inc.",Graduated,04-10-2014 09:00 am
Mandy Lamb,mlamb.visa@execonline.com,"ExecOnline, Inc.",Graduated,04-10-2014 09:00 am
Kate Taylor,ktaylor.visa@execonline.com,"ExecOnline, Inc.",Graduated,04-10-2014 09:00 am
Randy Bargfrede,no_way_948@execonline.com,"ExecOnline, Inc.",Graduated,04-10-2014 09:00 am
Kerry Mayer,no_way_949@execonline.com,"ExecOnline, Inc.",Graduated,04-10-2014 09:00 am
Bob Sturm,no_way_950@execonline.com,"ExecOnline, Inc.",Graduated,04-10-2014 09:00 am
John VanDeusen,no_way_951@execonline.com,"ExecOnline, Inc.",Graduated,04-10-2014 09:00 am
Grant Smedley,no_way_987@execonline.com,"ExecOnline, Inc.",Graduated,04-22-2014 03:10 pm
Colleen Mouer,no_way_997@execonline.com,"ExecOnline, Inc.",Enrolled,04-28-2014 04:34 pm
Sandy Piscitello,no_way_1021@execonline.com,"ExecOnline, Inc.",Enrolled,05-07-2014 10:07 pm
Robert DiPietro,no_way_1022@execonline.com,Kuhlman LLC,Enrolled,05-07-2014 10:07 pm
Melonie Johnson,no_way_1023@execonline.com,"ExecOnline, Inc.",Enrolled,05-07-2014 10:07 pm
Stephanie Northey,no_way_1024@execonline.com,"ExecOnline, Inc.",Graduated,05-07-2014 10:07 pm
Greg Tanner,no_way_1025@execonline.com,"ExecOnline, Inc.",Enrolled,05-07-2014 10:07 pm
Suzanne McCouaig,no_way_1026@execonline.com,"ExecOnline, Inc.",Graduated,05-07-2014 10:07 pm
Lisa Thomson,no_way_1028@execonline.com,"ExecOnline, Inc.",Graduated,05-07-2014 10:07 pm
Marc Vujnovich,no_way_1029@execonline.com,"ExecOnline, Inc.",Graduated,05-07-2014 10:07 pm
John P. Arrien,no_way_1030@execonline.com,"ExecOnline, Inc.",Graduated,05-07-2014 10:07 pm
Allen Montgomery,no_way_1031@execonline.com,"ExecOnline, Inc.",Enrolled,05-07-2014 10:07 pm
Vicky Ruiz,no_way_1032@execonline.com,"ExecOnline, Inc.",Graduated,05-07-2014 10:07 pm
Michelle Mejia,no_way_1033@execonline.com,"ExecOnline, Inc.",Graduated,05-07-2014 10:07 pm
Zoe Wolfe,no_way_1034@execonline.com,"ExecOnline, Inc.",Graduated,05-07-2014 10:07 pm
Tyler Bruce,no_way_1035@execonline.com,"ExecOnline, Inc.",Graduated,05-07-2014 10:07 pm
Val Lopez,no_way_1036@execonline.com,"ExecOnline, Inc.",Graduated,05-07-2014 10:07 pm
Jill Szymanski,no_way_1037@execonline.com,"ExecOnline, Inc.",Graduated,05-07-2014 10:07 pm
Lissette Egues,no_way_1038@execonline.com,"ExecOnline, Inc.",Enrolled,05-07-2014 10:07 pm
Scott Habermehl,no_way_1040@execonline.com,"ExecOnline, Inc.",Graduated,05-07-2014 10:07 pm
Tim Marko,no_way_1041@execonline.com,"ExecOnline, Inc.",Graduated,05-07-2014 10:07 pm
Andrew Neuman,no_way_1042@execonline.com,"ExecOnline, Inc.",Graduated,05-07-2014 10:07 pm
Stephanie Pittman,no_way_1043@execonline.com,"ExecOnline, Inc.",Graduated,05-07-2014 10:07 pm
Parashar Patel,no_way_1044@execonline.com,"ExecOnline, Inc.",Graduated,05-07-2014 10:07 pm
Maria Stewart,no_way_1045@execonline.com,"ExecOnline, Inc.",Graduated,05-07-2014 10:07 pm
Lauren Cohen,no_way_1046@execonline.com,"ExecOnline, Inc.",Enrolled,05-07-2014 10:07 pm
Lauren Zink,no_way_1048@execonline.com,"ExecOnline, Inc.",Enrolled,05-07-2014 10:07 pm
Andy Girard,no_way_1049@execonline.com,"ExecOnline, Inc.",Graduated,05-07-2014 10:07 pm
Steve Rempe,no_way_1050@execonline.com,"ExecOnline, Inc.",Graduated,05-07-2014 10:07 pm
Norman Ralph,no_way_1051@execonline.com,"ExecOnline, Inc.",Graduated,05-07-2014 10:07 pm
Conor Maynard,no_way_1052@execonline.com,"ExecOnline, Inc.",Graduated,05-07-2014 10:07 pm
Christine Nicholl,no_way_1053@execonline.com,"ExecOnline, Inc.",Enrolled,05-07-2014 10:07 pm
Tim Perlick,no_way_1054@execonline.com,"ExecOnline, Inc.",Graduated,05-07-2014 10:07 pm
David Wong,no_way_1055@execonline.com,"ExecOnline, Inc.",Graduated,05-07-2014 10:07 pm
Kate Darcy,no_way_1056@execonline.com,"ExecOnline, Inc.",Graduated,05-07-2014 10:07 pm
Cathy Brough,no_way_1057@execonline.com,"ExecOnline, Inc.",Graduated,05-07-2014 10:07 pm
Greg Bodkin,no_way_1058@execonline.com,"ExecOnline, Inc.",Graduated,05-07-2014 10:07 pm
Mark Phillips,no_way_1059@execonline.com,"ExecOnline, Inc.",Graduated,05-07-2014 10:07 pm
Peter O'Neill,no_way_1060@execonline.com,"ExecOnline, Inc.",Graduated,05-07-2014 10:07 pm
Jenny Yorath,no_way_1061@execonline.com,"ExecOnline, Inc.",Graduated,05-07-2014 10:07 pm
Patti Trautwein,no_way_1062@execonline.com,"ExecOnline, Inc.",Graduated,05-07-2014 10:07 pm
Rene Courtney,no_way_1063@execonline.com,"ExecOnline, Inc.",Graduated,05-07-2014 10:07 pm
Karen Atwell,no_way_1064@execonline.com,"ExecOnline, Inc.",Graduated,05-07-2014 10:07 pm
jt thorp,no_way_1065@execonline.com,"ExecOnline, Inc.",Graduated,05-07-2014 10:07 pm
Adem Chich,no_way_1066@execonline.com,"ExecOnline, Inc.",Graduated,05-07-2014 10:07 pm
Thomas Taylor,no_way_1067@execonline.com,"ExecOnline, Inc.",Graduated,05-07-2014 10:07 pm
Shane Smeed,no_way_1068@execonline.com,"ExecOnline, Inc.",Graduated,05-07-2014 10:07 pm
Dave Matthews,no_way_1069@execonline.com,"ExecOnline, Inc.",Graduated,05-07-2014 10:07 pm
Cinzia Iacono,no_way_1072@execonline.com,"ExecOnline, Inc.",Graduated,05-07-2014 10:07 pm
Shani Lenard,no_way_1073@execonline.com,"ExecOnline, Inc.",Graduated,05-07-2014 10:07 pm
Tanya Worsley,no_way_1075@execonline.com,"ExecOnline, Inc.",Graduated,05-07-2014 10:07 pm
Erin Shea,no_way_1076@execonline.com,"ExecOnline, Inc.",Graduated,05-07-2014 10:07 pm
Christa McJunkin,no_way_1077@execonline.com,"ExecOnline, Inc.",Graduated,05-07-2014 10:07 pm
Chris Campbell,no_way_1078@execonline.com,"ExecOnline, Inc.",Graduated,05-07-2014 10:07 pm
Tony Alvarado,no_way_1079@execonline.com,"ExecOnline, Inc.",Graduated,05-07-2014 10:07 pm
Ed Grant,no_way_1081@execonline.com,"ExecOnline, Inc.",Graduated,05-07-2014 10:07 pm
Greg Moore,no_way_1082@execonline.com,"ExecOnline, Inc.",Graduated,05-07-2014 10:07 pm
Lisa Day,no_way_1083@execonline.com,"ExecOnline, Inc.",Graduated,05-07-2014 10:07 pm
John Tucker,no_way_1084@execonline.com,"ExecOnline, Inc.",Graduated,05-07-2014 10:07 pm
Clint Poole,no_way_1085@execonline.com,"ExecOnline, Inc.",Graduated,05-07-2014 10:07 pm
Andrew Bates,no_way_1087@execonline.com,"ExecOnline, Inc.",Graduated,05-07-2014 10:07 pm
Christopher Rogers,no_way_1088@execonline.com,"ExecOnline, Inc.",Graduated,05-07-2014 10:07 pm
Dougie Henderson,dhenderson.visa@execonline.com,"ExecOnline, Inc.",Graduated,05-07-2014 10:07 pm
Reg Swart,rswart.visa@execonline.com,"ExecOnline, Inc.",Graduated,05-07-2014 10:07 pm
Ashish Kulpati,akulpati.visa@execonline.com,"ExecOnline, Inc.",Graduated,05-07-2014 10:07 pm
Olivia Leong,oleong.visa@execonline.com,"ExecOnline, Inc.",Graduated,05-07-2014 10:07 pm
Gavin Krugel,gkrugel.visa@execonline.com,"ExecOnline, Inc.",Graduated,05-07-2014 10:07 pm
Frans Roos,froos.visa@execonline.com,"ExecOnline, Inc.",Graduated,05-07-2014 10:07 pm
Ernie Borhan,eborhan.visa@execonline.com,"ExecOnline, Inc.",Graduated,05-07-2014 10:07 pm
Ben Soppitt,bsoppitt.visa@execonline.com,"ExecOnline, Inc.",Graduated,05-07-2014 10:07 pm
Sze Meng Soon,ssoon.visa@execonline.com,"ExecOnline, Inc.",Graduated,05-07-2014 10:07 pm
Eugene Lee,elee.visa@execonline.com,"ExecOnline, Inc.",Graduated,05-07-2014 10:07 pm
Peter Berg,pberg.visa@execonline.com,"ExecOnline, Inc.",Graduated,05-07-2014 10:07 pm
Janet Zablock,jzablock.visa@execonline.com,"ExecOnline, Inc.",Graduated,05-07-2014 10:07 pm
Hope Ewing,hewing.visa@execonline.com,"ExecOnline, Inc.",Graduated,05-07-2014 10:07 pm
Francis Mok,fmok.visa@execonline.com,"ExecOnline, Inc.",Graduated,05-07-2014 10:07 pm
Don Brunnett,no_way_1107@execonline.com,"ExecOnline, Inc.",Graduated,05-07-2014 10:07 pm
Jinshan Li,no_way_1108@execonline.com,"ExecOnline, Inc.",Graduated,05-07-2014 10:07 pm
Gerardo Bertero,no_way_1109@execonline.com,"ExecOnline, Inc.",Graduated,05-07-2014 10:07 pm
Brad Masters,no_way_1110@execonline.com,"ExecOnline, Inc.",Graduated,05-07-2014 10:07 pm
Sue Birchmore,no_way_1112@execonline.com,"ExecOnline, Inc.",Graduated,05-07-2014 10:07 pm
Jim Shoff,no_way_1165@execonline.com,"ExecOnline, Inc.",Graduated,05-07-2014 11:37 pm
Hartmut Samtleben,no_way_1166@execonline.com,"ExecOnline, Inc.",Graduated,05-07-2014 11:37 pm
Tom Coppock,no_way_1167@execonline.com,"ExecOnline, Inc.",Graduated,05-07-2014 11:37 pm
Manny Vaghela,no_way_1168@execonline.com,"ExecOnline, Inc.",Graduated,05-07-2014 11:37 pm
Pete Mastrandonas,no_way_1169@execonline.com,"ExecOnline, Inc.",Graduated,05-07-2014 11:37 pm
Mohini Kapoor,no_way_1170@execonline.com,"ExecOnline, Inc.",Graduated,05-07-2014 11:37 pm
Robert Anderson,no_way_1171@execonline.com,"ExecOnline, Inc.",Graduated,05-07-2014 11:37 pm
Laurie Wetzel,no_way_1173@execonline.com,"ExecOnline, Inc.",Graduated,05-07-2014 11:37 pm
Don Sloan,no_way_1174@execonline.com,"ExecOnline, Inc.",Graduated,05-07-2014 11:37 pm
Christian Ridge,no_way_1175@execonline.com,"ExecOnline, Inc.",Graduated,05-07-2014 11:37 pm
Seamus Greene,no_way_1176@execonline.com,"ExecOnline, Inc.",Graduated,05-07-2014 11:37 pm
Suzanne Bourdeaux,no_way_1177@execonline.com,"ExecOnline, Inc.",Graduated,05-07-2014 11:37 pm
David Baker,no_way_1178@execonline.com,"ExecOnline, Inc.",Graduated,05-07-2014 11:37 pm
Tony Windever,no_way_1179@execonline.com,"ExecOnline, Inc.",Graduated,05-07-2014 11:37 pm
Jennifer Ruth,no_way_1180@execonline.com,"ExecOnline, Inc.",Graduated,05-07-2014 11:37 pm
Umakant Sista,no_way_1182@execonline.com,"ExecOnline, Inc.",Graduated,05-07-2014 11:37 pm
Fela Chawngthu,no_way_1183@execonline.com,"ExecOnline, Inc.",Graduated,05-07-2014 11:37 pm
Klaus Kurz,no_way_1184@execonline.com,"ExecOnline, Inc.",Graduated,05-07-2014 11:37 pm
Mwangala Lishomwa,no_way_1186@execonline.com,"ExecOnline, Inc.",Graduated,05-07-2014 11:37 pm
Jerome Decaris,no_way_1187@execonline.com,"ExecOnline, Inc.",Graduated,05-07-2014 11:37 pm
Greg Smart,no_way_1188@execonline.com,"ExecOnline, Inc.",Graduated,05-07-2014 11:37 pm
Matt LeBlanc,no_way_1189@execonline.com,"ExecOnline, Inc.",Graduated,05-07-2014 11:37 pm
Marybeth Gonzales,no_way_1190@execonline.com,"ExecOnline, Inc.",Graduated,05-07-2014 11:37 pm
Ken Ruggiero,no_way_1209@execonline.com,"ExecOnline, Inc.",Graduated,05-08-2014 01:47 pm
Eron Cummings,no_way_1210@execonline.com,"ExecOnline, Inc.",Graduated,05-08-2014 01:53 pm
Sabela Peralta,no_way_1214@execonline.com,"ExecOnline, Inc.",Graduated,05-09-2014 02:57 pm
Andrea Perosa,no_way_1215@execonline.com,"ExecOnline, Inc.",Graduated,05-09-2014 02:57 pm
Chuck Bushnell,no_way_1216@execonline.com,"ExecOnline, Inc.",Graduated,05-09-2014 02:57 pm
Kristina Tregenza,no_way_1217@execonline.com,"ExecOnline, Inc.",Graduated,05-09-2014 02:57 pm
Lauren Lanza,no_way_1218@execonline.com,"ExecOnline, Inc.",Graduated,05-09-2014 02:57 pm
David Flaherty,no_way_1219@execonline.com,"ExecOnline, Inc.",Graduated,05-09-2014 02:57 pm
Mara Kingsley,no_way_1220@execonline.com,"ExecOnline, Inc.",Graduated,05-09-2014 02:57 pm
Vivian Cruz,no_way_1221@execonline.com,"ExecOnline, Inc.",Graduated,05-09-2014 02:57 pm
Ricardo Silvarinho,no_way_1222@execonline.com,"ExecOnline, Inc.",Graduated,05-09-2014 02:57 pm
Gil Posada,no_way_1227@execonline.com,"ExecOnline, Inc.",Graduated,05-09-2014 02:57 pm
Mayka McCalla,no_way_1228@execonline.com,"ExecOnline, Inc.",Graduated,05-09-2014 02:57 pm
Nigel Smith,no_way_1229@execonline.com,"ExecOnline, Inc.",Graduated,05-09-2014 05:25 pm
Jenny Gallagher,no_way_1230@execonline.com,"ExecOnline, Inc.",Graduated,05-09-2014 05:25 pm
Douglas Dickerson,no_way_1231@execonline.com,"ExecOnline, Inc.",Graduated,05-09-2014 05:25 pm
Dorothy Siemon,no_way_1232@execonline.com,"ExecOnline, Inc.",Graduated,05-09-2014 05:25 pm
Kelley Coates-Carter,no_way_1233@execonline.com,"ExecOnline, Inc.",Graduated,05-09-2014 05:25 pm
Belen Mendoza,no_way_1234@execonline.com,"ExecOnline, Inc.",Graduated,05-09-2014 05:25 pm
Albena Kirova,no_way_1246@execonline.com,"ExecOnline, Inc.",Graduated,05-16-2014 01:21 pm
Ms. Grayce Leannon,leannon.grayce-1320@example.com,"Lang, Lehner and Abshire",Graduated,08-28-2014 10:24 am
Ms. Arjun Block,block.arjun-1321@example.com,"Lang, Lehner and Abshire",Graduated,08-28-2014 10:24 am
Mr. Demarcus Schumm,schumm.demarcus-1322@example.com,"Lang, Lehner and Abshire",Graduated,08-28-2014 10:24 am
Mr. Hal Feil,feil.hal-1323@example.com,"Lang, Lehner and Abshire",Graduated,08-28-2014 10:24 am
Mr. Jettie Beer,beer.jettie-1324@example.com,"Lang, Lehner and Abshire",Graduated,08-28-2014 10:24 am
Mr. Pasquale Kulas,kulas.pasquale-1325@example.com,"Lang, Lehner and Abshire",Graduated,08-28-2014 10:24 am
Mr. Annabel O'Connell,o'connell.annabel-1326@example.com,"Lang, Lehner and Abshire",Graduated,08-28-2014 10:24 am
Ms. Darby Streich,streich.darby-1327@example.com,"Lang, Lehner and Abshire",Graduated,08-28-2014 10:24 am
Mr. Barrett Towne,towne.barrett-1328@example.com,"Lang, Lehner and Abshire",Graduated,08-28-2014 10:24 am
Mr. Loma Kshlerin,kshlerin.loma-1329@example.com,"Lang, Lehner and Abshire",Graduated,08-28-2014 10:24 am
Mr. Sedrick Emmerich,emmerich.sedrick-1330@example.com,"Lang, Lehner and Abshire",Graduated,08-28-2014 10:24 am
Mr. Brandi Heaney,heaney.brandi-1331@example.com,"Lang, Lehner and Abshire",Graduated,08-28-2014 10:24 am
Mr. Tierra Hartmann,hartmann.tierra-1332@example.com,"Lang, Lehner and Abshire",Graduated,08-28-2014 10:24 am
Mr. Liam Lang,lang.liam-1333@example.com,"Lang, Lehner and Abshire",Graduated,08-28-2014 10:24 am
Mr. Heber Sauer,sauer.heber-1335@example.com,"Lang, Lehner and Abshire",Graduated,08-28-2014 10:24 am
Mr. Kim Mraz,mraz.kim-1336@example.com,"Lang, Lehner and Abshire",Graduated,08-28-2014 10:24 am
Mr. Vince Wehner,wehner.vince-1337@example.com,"Lang, Lehner and Abshire",Graduated,08-28-2014 10:24 am
Mr. Damian Lowe,lowe.damian-1338@example.com,"Lang, Lehner and Abshire",Graduated,08-28-2014 10:24 am
Mr. Adriel Stehr,stehr.adriel-1339@example.com,"Lang, Lehner and Abshire",Graduated,08-28-2014 10:24 am
Mr. Talia Murray,murray.talia-1340@example.com,"Lang, Lehner and Abshire",Graduated,08-28-2014 10:24 am
Mr. Johann Kerluke,kerluke.johann-1341@example.com,"Lang, Lehner and Abshire",Graduated,08-28-2014 10:24 am
Mr. Shanna Macejkovic,macejkovic.shanna-1342@example.com,"Lang, Lehner and Abshire",Graduated,08-28-2014 10:24 am
Mr. Nellie Bosco,bosco.nellie-1343@example.com,"Lang, Lehner and Abshire",Graduated,08-28-2014 10:24 am
Mrs. Clementine Feeney,feeney.clementine-1344@example.com,"Lang, Lehner and Abshire",Graduated,08-28-2014 10:24 am
Mr. Brice Johnson,johnson.brice-1345@example.com,"Lang, Lehner and Abshire",Graduated,08-28-2014 10:24 am
Mr. Beau Rau,rau.beau-1346@example.com,"Lang, Lehner and Abshire",Graduated,08-28-2014 10:24 am
Mr. Matilde DuBuque,dubuque.matilde-1347@example.com,"Lang, Lehner and Abshire",Graduated,08-28-2014 10:24 am
Mr. Jaeden Howell,howell.jaeden-1348@example.com,"Lang, Lehner and Abshire",Graduated,08-28-2014 10:24 am
Mr. Jayden Bailey,bailey.jayden-1349@example.com,"Lang, Lehner and Abshire",Graduated,08-28-2014 10:24 am
Mr. Shanna Bruen,bruen.shanna-1350@example.com,"Lang, Lehner and Abshire",Graduated,08-28-2014 10:24 am
Mr. Annetta Haley,haley.annetta-1351@example.com,"Lang, Lehner and Abshire",Graduated,08-28-2014 10:24 am
Mr. Sammy Sporer,sporer.sammy-1353@example.com,"Lang, Lehner and Abshire",Graduated,08-28-2014 10:24 am
Mr. Kadin Wiegand,wiegand.kadin-1354@example.com,"Lang, Lehner and Abshire",Graduated,08-28-2014 10:24 am
Amelia Aufderhar,aufderhar.amelia-1459@example.com,Kassulke-Hansen,Graduated,10-01-2014 06:43 pm
Triston Effertz,effertz.triston-1460@example.com,Kassulke-Hansen,Graduated,10-01-2014 06:43 pm
Iva Boyle,boyle.iva-1461@example.com,Kassulke-Hansen,Graduated,10-01-2014 06:43 pm
Mr. Troy Kuhlman,kuhlman.troy-1462@example.com,Kassulke-Hansen,Graduated,10-01-2014 06:43 pm
Alvena Kozey,kozey.alvena-1463@example.com,Kassulke-Hansen,Graduated,10-01-2014 06:43 pm
Emelia Dach,dach.emelia-1464@example.com,Kassulke-Hansen,Graduated,10-01-2014 06:43 pm
Golda Rosenbaum,rosenbaum.golda-1465@example.com,Kassulke-Hansen,Graduated,10-01-2014 06:43 pm
Alice Pacocha,pacocha.alice-1466@example.com,Kassulke-Hansen,Graduated,10-01-2014 06:43 pm
Gerald Dicki,dicki.gerald-1467@example.com,Kassulke-Hansen,Graduated,10-01-2014 06:43 pm
Brenden Collins,collins.brenden-1468@example.com,Kassulke-Hansen,Graduated,10-01-2014 06:43 pm
Geovany Reichert,reichert.geovany-1469@example.com,Kassulke-Hansen,Graduated,10-01-2014 06:43 pm
Oren Rempel,rempel.oren-1470@example.com,Kassulke-Hansen,Graduated,10-01-2014 06:43 pm
Michael Dashefsky,mdashefsky.visa@execonline.com,"Barrows, Stoltenberg and Marquardt",Graduated,10-01-2014 06:43 pm
Ben Edelhart,bedelhart.visa@execonline.com,"Barrows, Stoltenberg and Marquardt",Graduated,10-01-2014 06:43 pm
Mr. Ingo Noka,inoka.visa@execonline.com,"Barrows, Stoltenberg and Marquardt",Graduated,10-01-2014 06:43 pm
Mr. Raman Khanduja,rkhanduja.visa@execonline.com,"Barrows, Stoltenberg and Marquardt",Graduated,10-01-2014 06:43 pm
Bernadette Koss,koss.bernadette-1476@example.com,Beier-Morissette,Graduated,10-01-2014 06:43 pm
Tessie Kautzer,kautzer.tessie-1477@example.com,Beier-Morissette,Graduated,10-01-2014 06:43 pm
Mrs. Alfreda Flatley,flatley.alfreda-1478@example.com,Beier-Morissette,Graduated,10-01-2014 06:43 pm
Ms. Nicolette Homenick,homenick.nicolette-1479@example.com,Beier-Morissette,Graduated,10-01-2014 06:43 pm
Corbin Abshire,abshire.corbin-1480@example.com,"Yost, Fisher and Larkin",Graduated,10-01-2014 06:43 pm
Heaven Howell,howell.heaven-1481@example.com,"Yost, Fisher and Larkin",Enrolled,10-01-2014 06:43 pm
Kamille Fahey,fahey.kamille-1482@example.com,"Yost, Fisher and Larkin",Enrolled,10-01-2014 06:43 pm
Mr. Llewellyn Gusikowski,gusikowski.llewellyn-1483@example.com,"Yost, Fisher and Larkin",Graduated,10-01-2014 06:43 pm
Santos Leannon,leannon.santos-1484@example.com,"Yost, Fisher and Larkin",Enrolled,10-01-2014 06:43 pm
Jennie Deckow,deckow.jennie-1485@example.com,"Yost, Fisher and Larkin",Graduated,10-01-2014 06:43 pm
Ms. Abagail Kreiger,kreiger.abagail-1486@example.com,"Yost, Fisher and Larkin",Graduated,10-01-2014 06:43 pm
Mr. Maritza Ferry,ferry.maritza-1487@example.com,"Yost, Fisher and Larkin",Graduated,10-01-2014 06:43 pm
Ruby Botsford,botsford.ruby-1488@example.com,Kerluke-Grady,Graduated,10-01-2014 06:43 pm
Mr. Sidney Schowalter,schowalter.sidney-1489@example.com,Kerluke-Grady,Graduated,10-01-2014 06:43 pm
Era Ratke,ratke.era-1490@example.com,Kerluke-Grady,Graduated,10-01-2014 06:43 pm
Lela Schumm,schumm.lela-1494@example.com,Greenholt-Herman,Graduated,10-01-2014 06:43 pm
Name Parker,parker.name-1495@example.com,Greenholt-Herman,Graduated,10-01-2014 06:43 pm
Javonte Grant,grant.javonte-1496@example.com,Greenholt-Herman,Graduated,10-01-2014 06:43 pm
Mr. Bradly Abshire,abshire.bradly-1497@example.com,Greenholt-Herman,Graduated,10-01-2014 06:43 pm
Mr. Adam Kiehn,kiehn.adam-1498@example.com,Greenholt-Herman,Graduated,10-01-2014 06:43 pm
Mr. Jadon Heidenreich,heidenreich.jadon-1499@example.com,Greenholt-Herman,Graduated,10-01-2014 06:43 pm
Mr. Florida Dickinson,dickinson.florida-1500@example.com,Greenholt-Herman,Graduated,10-01-2014 06:43 pm
Mr. Jasen Kerluke,kerluke.jasen-1501@example.com,Greenholt-Herman,Graduated,10-01-2014 06:43 pm
Gage Steuber,steuber.gage-1502@example.com,Osinski Inc,Enrolled,10-01-2014 06:43 pm
Mr. Kyle Beer,beer.kyle-1503@example.com,Osinski Inc,Enrolled,10-01-2014 06:43 pm
Mrs. Dillan Kemmer,kemmer.dillan-1504@example.com,Osinski Inc,Enrolled,10-01-2014 06:43 pm
Mr. Marvin Simonis,simonis.marvin-1505@example.com,Osinski Inc,Enrolled,10-01-2014 06:43 pm
Ofelia Hammes,hammes.ofelia-1506@example.com,Osinski Inc,Enrolled,10-01-2014 06:43 pm
Mr. Greg Jerde,jerde.greg-1507@example.com,Osinski Inc,Enrolled,10-01-2014 06:43 pm
Mr. Megane Labadie,labadie.megane-1508@example.com,Osinski Inc,Enrolled,10-01-2014 06:43 pm
Gabriella King,king.gabriella-1509@example.com,Osinski Inc,Enrolled,10-01-2014 06:43 pm
Thad Murray,murray.thad-1513@example.com,Stoltenberg LLC,Enrolled,10-01-2014 06:43 pm
Mr. Halie Murazik,murazik.halie-1514@example.com,Stoltenberg LLC,Enrolled,10-01-2014 06:43 pm
Mr. Tanner Konopelski,konopelski.tanner-1515@example.com,"Murphy, Lang and Torphy",Graduated,10-01-2014 06:43 pm
Mr. Dudley Bins,bins.dudley-1516@example.com,"Murphy, Lang and Torphy",Graduated,10-01-2014 06:43 pm
Mr. Kade Sawayn,sawayn.kade-1517@example.com,"Murphy, Lang and Torphy",Graduated,10-01-2014 06:43 pm
Mr. Jany Veum,veum.jany-1518@example.com,"Murphy, Lang and Torphy",Enrolled,10-01-2014 06:43 pm
Mr. Elissa Hauck,hauck.elissa-1519@example.com,"Murphy, Lang and Torphy",Graduated,10-01-2014 06:43 pm
Mr. Korey Walsh,walsh.korey-1520@example.com,"Murphy, Lang and Torphy",Graduated,10-01-2014 06:43 pm
Mrs. Clemens Bernhard,bernhard.clemens-1521@example.com,"Murphy, Lang and Torphy",Graduated,10-01-2014 06:43 pm
Marge Zieme,zieme.marge-1522@example.com,"Murphy, Lang and Torphy",Graduated,10-01-2014 06:43 pm
Mr. Terrance Weimann,weimann.terrance-1523@example.com,Shields and Sons,Graduated,10-01-2014 06:43 pm
Rozella Ernser,ernser.rozella-1524@example.com,Shields and Sons,Graduated,10-01-2014 06:43 pm
Emile Steuber,steuber.emile-1525@example.com,Shields and Sons,Graduated,10-01-2014 06:43 pm
Alta Nader,nader.alta-1526@example.com,Shields and Sons,Graduated,10-01-2014 06:43 pm
Mr. Dashawn Swift,swift.dashawn-1527@example.com,Ratke Group,Graduated,10-01-2014 06:43 pm
Frieda Braun,braun.frieda-1528@example.com,Ratke Group,Graduated,10-01-2014 06:43 pm
Mr. Wilfrid Hessel,hessel.wilfrid-1529@example.com,Ratke Group,Graduated,10-01-2014 06:43 pm
Maverick Torp,torp.maverick-1530@example.com,Ratke Group,Graduated,10-01-2014 06:43 pm
Eileen Pagac,pagac.eileen-1532@example.com,Ratke Group,Graduated,10-01-2014 06:43 pm
Mr. Noel Howe,howe.noel-1534@example.com,Ratke Group,Graduated,10-01-2014 06:43 pm
Cade Ziemann,ziemann.cade-1535@example.com,Ratke Group,Graduated,10-01-2014 06:43 pm
Imelda Hane,hane.imelda-1536@example.com,Ratke Group,Graduated,10-01-2014 06:43 pm
Mrs. Jerald Reilly,reilly.jerald-1538@example.com,Ratke Group,Graduated,10-01-2014 06:43 pm
Don Huels,huels.don-1539@example.com,Ratke Group,Graduated,10-01-2014 06:43 pm
Mr. Sim Ryan,ryan.sim-1540@example.com,Ratke Group,Graduated,10-01-2014 06:43 pm
Green O'Kon,o'kon.green-1541@example.com,Ratke Group,Graduated,10-01-2014 06:43 pm
Mr. Julie Veum,veum.julie-1542@example.com,Ratke Group,Graduated,10-01-2014 06:43 pm
Akeem Sipes,sipes.akeem-1543@example.com,Ratke Group,Graduated,10-01-2014 06:43 pm
Mr. Hilton Cole,cole.hilton-1544@example.com,Ratke Group,Graduated,10-01-2014 06:43 pm
Ms. Charlie Lueilwitz,lueilwitz.charlie-1545@example.com,Ratke Group,Graduated,10-01-2014 06:43 pm
Justyn Bins,bins.justyn-1546@example.com,Ratke Group,Graduated,10-01-2014 06:43 pm
Mr. Velva Douglas,douglas.velva-1547@example.com,Ratke Group,Graduated,10-01-2014 06:43 pm
Vance Raynor,raynor.vance-1549@example.com,Sporer LLC,Graduated,10-01-2014 06:43 pm
Wyatt Rodriguez,rodriguez.wyatt-1550@example.com,Sporer LLC,Graduated,10-01-2014 06:43 pm
Newell Brakus,brakus.newell-1551@example.com,Sporer LLC,Graduated,10-01-2014 06:43 pm
Deron Batz,batz.deron-1556@example.com,Sporer LLC,Graduated,10-01-2014 06:44 pm
Mr. Hubert Cummings,cummings.hubert-1557@example.com,Sporer LLC,Graduated,10-01-2014 06:44 pm
Luisa Prosacco,prosacco.luisa-1558@example.com,Sporer LLC,Graduated,10-01-2014 06:44 pm
Jeremie Stanton,stanton.jeremie-1559@example.com,Sporer LLC,Graduated,10-01-2014 06:44 pm
Vella Stiedemann,stiedemann.vella-1560@example.com,Sporer LLC,Graduated,10-01-2014 06:44 pm
Mr. Pearline Von,von.pearline-1562@example.com,"Barton, Ryan and Cole",Graduated,10-01-2014 06:44 pm
Phoebe Friesen,friesen.phoebe-1563@example.com,"Barton, Ryan and Cole",Graduated,10-01-2014 06:44 pm
Nathan D'Amore,d'amore.nathan-1564@example.com,"Barton, Ryan and Cole",Graduated,10-01-2014 06:44 pm
Mr. Xander Yundt,yundt.xander-1565@example.com,"Barton, Ryan and Cole",Graduated,10-01-2014 06:44 pm
Cloyd Franecki,franecki.cloyd-1566@example.com,"Barton, Ryan and Cole",Graduated,10-01-2014 06:44 pm
Joaquin McCullough,mccullough.joaquin-1567@example.com,"Barton, Ryan and Cole",Graduated,10-01-2014 06:44 pm
Erna Beier,beier.erna-1568@example.com,"Barton, Ryan and Cole",Graduated,10-01-2014 06:44 pm
Kendra Johnson,johnson.kendra-1569@example.com,"Barton, Ryan and Cole",Graduated,10-01-2014 06:44 pm
Elisa Witting,witting.elisa-1570@example.com,"Barton, Ryan and Cole",Graduated,10-01-2014 06:44 pm
Ms. Elmore Mann,mann.elmore-1571@example.com,"Barton, Ryan and Cole",Graduated,10-01-2014 06:44 pm
Mr. Jessie Russel,russel.jessie-1572@example.com,"Barton, Ryan and Cole",Graduated,10-01-2014 06:44 pm
Mr. Lorenzo Schimmel,schimmel.lorenzo-1573@example.com,"Barton, Ryan and Cole",Graduated,10-01-2014 06:44 pm
Kevin Nielsen,knielsen.srp@execonline.com,"Stokes, Little and Yost",Graduated,10-01-2014 06:44 pm
Mckenna Schamberger,schamberger.mckenna-1575@example.com,"Stokes, Little and Yost",Graduated,10-01-2014 06:44 pm
Mrs. Denis Pfannerstill,pfannerstill.denis-1576@example.com,"Stokes, Little and Yost",Graduated,10-01-2014 06:44 pm
Trevion Lockman,lockman.trevion-1577@example.com,"Stokes, Little and Yost",Graduated,10-01-2014 06:44 pm
Ms. Molly Greene,mgreene.srpnet@execonline.com,"Stokes, Little and Yost",Graduated,10-01-2014 06:44 pm
Myrtice Harris,harris.myrtice-1579@example.com,"Stokes, Little and Yost",Graduated,10-01-2014 06:44 pm
Tatyana Botsford,botsford.tatyana-1581@example.com,"Stokes, Little and Yost",Graduated,10-01-2014 06:44 pm
Mr. Verlie Dickens,dickens.verlie-1583@example.com,"Stokes, Little and Yost",Graduated,10-01-2014 06:44 pm
Mr. Benedict Beer,beer.benedict-1584@example.com,"Stokes, Little and Yost",Graduated,10-01-2014 06:44 pm
Godfrey Grady,grady.godfrey-1585@example.com,"Stokes, Little and Yost",Graduated,10-01-2014 06:44 pm
Miracle Homenick,homenick.miracle-1587@example.com,"MacGyver, Tremblay and Ankunding",Graduated,10-01-2014 06:44 pm
Max Breitenberg,breitenberg.max-1588@example.com,"MacGyver, Tremblay and Ankunding",Graduated,10-01-2014 06:44 pm
Albertha Homenick,homenick.albertha-1589@example.com,"MacGyver, Tremblay and Ankunding",Graduated,10-01-2014 06:44 pm
Mr. Sincere Kshlerin,kshlerin.sincere-1590@example.com,"MacGyver, Tremblay and Ankunding",Graduated,10-01-2014 06:44 pm
Mr. Maddison Schimmel,schimmel.maddison-1591@example.com,"MacGyver, Tremblay and Ankunding",Graduated,10-01-2014 06:44 pm
Dr. Floyd Langworth,langworth.floyd-1592@example.com,"MacGyver, Tremblay and Ankunding",Graduated,10-01-2014 06:44 pm
Mr. Salvatore Thompson,thompson.salvatore-1593@example.com,"MacGyver, Tremblay and Ankunding",Graduated,10-01-2014 06:44 pm
Dave Harber,harber.dave-1594@example.com,"MacGyver, Tremblay and Ankunding",Graduated,10-01-2014 06:44 pm
Humberto Feil,feil.humberto-1595@example.com,"MacGyver, Tremblay and Ankunding",Graduated,10-01-2014 06:44 pm
Ms. Joannie Runolfsson,runolfsson.joannie-1596@example.com,"MacGyver, Tremblay and Ankunding",Potential,10-01-2014 06:44 pm
Mr. Garret Hammes,hammes.garret-1597@example.com,"MacGyver, Tremblay and Ankunding",Graduated,10-01-2014 06:44 pm
Ms. Adelbert Ankunding,ankunding.adelbert-1598@example.com,"MacGyver, Tremblay and Ankunding",Potential,10-01-2014 06:44 pm
Whitney Mayer,mayer.whitney-1599@example.com,"MacGyver, Tremblay and Ankunding",Graduated,10-01-2014 06:44 pm
Dr. Pink Friesen,friesen.pink-1600@example.com,"MacGyver, Tremblay and Ankunding",Potential,10-01-2014 06:44 pm
Roscoe Huel,huel.roscoe-1601@example.com,"MacGyver, Tremblay and Ankunding",Graduated,10-01-2014 06:44 pm
Mr. Jeramie Boehm,boehm.jeramie-1602@example.com,"MacGyver, Tremblay and Ankunding",Potential,10-01-2014 06:44 pm
Dr. Magdalena Frami,frami.magdalena-1603@example.com,"MacGyver, Tremblay and Ankunding",Graduated,10-01-2014 06:44 pm
Dillon McDermott,mcdermott.dillon-1606@example.com,"MacGyver, Tremblay and Ankunding",Potential,10-01-2014 06:44 pm
Mr. Sarina Jast,jast.sarina-1607@example.com,"MacGyver, Tremblay and Ankunding",Potential,10-01-2014 06:44 pm
Miracle Mitchell,mitchell.miracle-1608@example.com,"MacGyver, Tremblay and Ankunding",Graduated,10-01-2014 06:44 pm
Mr. Bud Sporer,sporer.bud-1609@example.com,"MacGyver, Tremblay and Ankunding",Potential,10-01-2014 06:44 pm
Jamie Collins,collins.jamie-1610@example.com,"MacGyver, Tremblay and Ankunding",Graduated,10-01-2014 06:44 pm
Caesar Flatley,flatley.caesar-1611@example.com,"MacGyver, Tremblay and Ankunding",Potential,10-01-2014 06:44 pm
Pansy Stanton,stanton.pansy-1612@example.com,"MacGyver, Tremblay and Ankunding",Potential,10-01-2014 06:44 pm
Erin Batz,batz.erin-1613@example.com,"MacGyver, Tremblay and Ankunding",Graduated,10-01-2014 06:44 pm
Mr. Immanuel Johns,johns.immanuel-1616@example.com,"MacGyver, Tremblay and Ankunding",Potential,10-01-2014 06:44 pm
Mr. Violet Carroll,carroll.violet-1617@example.com,Ullrich Group,Graduated,10-01-2014 06:44 pm
Cristopher Hirthe,hirthe.cristopher-1619@example.com,Ullrich Group,Graduated,10-01-2014 06:44 pm
Mr. Santiago Boyle,boyle.santiago-1620@example.com,Ullrich Group,Graduated,10-01-2014 06:44 pm
Mr. Verona Bernier,bernier.verona-1621@example.com,Ullrich Group,Potential,10-01-2014 06:44 pm
Petra Parker,parker.petra-1622@example.com,Ullrich Group,Graduated,10-01-2014 06:44 pm
Ms. Garfield O'Hara,o'hara.garfield-1623@example.com,Kshlerin-Rath,Potential,10-01-2014 06:44 pm
Mallie Cronin,cronin.mallie-1625@example.com,Kshlerin-Rath,Potential,10-01-2014 06:44 pm
Ms. Aditya Beer,beer.aditya-1626@example.com,Kshlerin-Rath,Potential,10-01-2014 06:44 pm
Mrs. Chesley Kemmer,kemmer.chesley-1628@example.com,BD CareFusion,Potential,10-01-2014 06:44 pm
Janie Gorczany,gorczany.janie-1629@example.com,BD CareFusion,Potential,10-01-2014 06:44 pm
Emanuel Wunsch,wunsch.emanuel-1631@example.com,BD CareFusion,Potential,10-01-2014 06:44 pm
Mrs. Davonte Durgan,durgan.davonte-1632@example.com,BD CareFusion,Potential,10-01-2014 06:44 pm
Roxanne Murray,murray.roxanne-1633@example.com,BD CareFusion,Potential,10-01-2014 06:44 pm
Nicklaus Miller,miller.nicklaus-1634@example.com,BD CareFusion,Potential,10-01-2014 06:44 pm
Eliseo Effertz,effertz.eliseo-1635@example.com,BD CareFusion,Graduated,10-01-2014 06:44 pm
Mrs. Marjolaine Hane,hane.marjolaine-1636@example.com,BD CareFusion,Graduated,10-01-2014 06:44 pm
Mr. Lon Abshire,abshire.lon-1637@example.com,BD CareFusion,Graduated,10-01-2014 06:44 pm
Maureen Lind,lind.maureen-1638@example.com,BD CareFusion,Graduated,10-01-2014 06:44 pm
Mr. Andres Kerluke,kerluke.andres-1639@example.com,BD CareFusion,Graduated,10-01-2014 06:44 pm
Jerrold Carroll,carroll.jerrold-1640@example.com,BD CareFusion,Graduated,10-01-2014 06:44 pm
Danielle Smith,smith.danielle-1641@example.com,BD CareFusion,Graduated,10-01-2014 06:44 pm
Aisha Hettinger,hettinger.aisha-1642@example.com,BD CareFusion,Graduated,10-01-2014 06:44 pm
Mr. Maci Mraz,mraz.maci-1643@example.com,BD CareFusion,Graduated,10-01-2014 06:44 pm
Lessie Wisoky,wisoky.lessie-1644@example.com,BD CareFusion,Graduated,10-01-2014 06:44 pm
Mr. Bernadine Mueller,mueller.bernadine-1645@example.com,BD CareFusion,Graduated,10-01-2014 06:44 pm
Berniece Lang,lang.berniece-1646@example.com,BD CareFusion,Graduated,10-01-2014 06:44 pm
Mrs. Alanna Volkman,volkman.alanna-1647@example.com,BD CareFusion,Graduated,10-01-2014 06:44 pm
Ashly Dietrich,dietrich.ashly-1648@example.com,BD CareFusion,Graduated,10-01-2014 06:44 pm
Mr. Betsy Ankunding,ankunding.betsy-1649@example.com,"Runolfsdottir, Considine and Rosenbaum",Graduated,10-01-2014 06:44 pm
Mr. Gianni Schuppe,schuppe.gianni-1650@example.com,"Runolfsdottir, Considine and Rosenbaum",Graduated,10-01-2014 06:44 pm
Brandy Kuhlman,kuhlman.brandy-1651@example.com,"Runolfsdottir, Considine and Rosenbaum",Graduated,10-01-2014 06:44 pm
Elaine Lee,elee_visa@execonline.com,"Barrows, Stoltenberg and Marquardt",Graduated,10-01-2014 06:53 pm
Araceli Erdman,erdman.araceli-1653@example.com,"MacGyver, Tremblay and Ankunding",Graduated,10-01-2014 06:53 pm
Rupert Goyette,goyette.rupert-1654@example.com,"MacGyver, Tremblay and Ankunding",Graduated,10-01-2014 06:53 pm
Annabel Funk,funk.annabel-1655@example.com,"MacGyver, Tremblay and Ankunding",Graduated,10-01-2014 06:53 pm
Howard Maggio,maggio.howard-1656@example.com,"MacGyver, Tremblay and Ankunding",Graduated,10-01-2014 06:53 pm
Damien Morissette,morissette.damien-1657@example.com,"MacGyver, Tremblay and Ankunding",Graduated,10-01-2014 06:53 pm
Dr. Hadley Walter,walter.hadley-1658@example.com,"MacGyver, Tremblay and Ankunding",Graduated,10-01-2014 06:53 pm
Dina Kemmer,kemmer.dina-1659@example.com,"MacGyver, Tremblay and Ankunding",Graduated,10-01-2014 06:53 pm
Kamryn Larson,larson.kamryn-1660@example.com,"MacGyver, Tremblay and Ankunding",Graduated,10-01-2014 06:53 pm
Pansy Schuster,schuster.pansy-1662@example.com,"Runolfsdottir, Considine and Rosenbaum",Graduated,10-01-2014 06:53 pm
Mr. Ericka Larkin,larkin.ericka-1663@example.com,Jacobi-Christiansen,Graduated,10-01-2014 06:56 pm
Naomi Graham,graham.naomi-1664@example.com,Jacobi-Christiansen,Graduated,10-01-2014 06:56 pm
Amani Langworth,langworth.amani-1665@example.com,Jacobi-Christiansen,Graduated,10-01-2014 06:56 pm
Osborne Streich,streich.osborne-1666@example.com,Jacobi-Christiansen,Graduated,10-01-2014 06:56 pm
Ms. Nick Macejkovic,macejkovic.nick-1667@example.com,Jacobi-Christiansen,Graduated,10-01-2014 06:56 pm
Sabina Miller,miller.sabina-1668@example.com,Jacobi-Christiansen,Graduated,10-01-2014 06:56 pm
Mr. Henriette Farrell,farrell.henriette-1669@example.com,Murazik-Labadie,Graduated,10-01-2014 06:56 pm
Jeffery Eichmann,eichmann.jeffery-1670@example.com,Murazik-Labadie,Graduated,10-01-2014 06:56 pm
Mr. Kaela Labadie,labadie.kaela-1671@example.com,Murazik-Labadie,Graduated,10-01-2014 06:56 pm
Roosevelt Mertz,mertz.roosevelt-1672@example.com,Murazik-Labadie,Graduated,10-01-2014 06:56 pm
Mr. Kane Bosco,bosco.kane-1675@example.com,Murazik-Labadie,Graduated,10-01-2014 06:56 pm
Mr. Gloria Stiedemann,stiedemann.gloria-1676@example.com,Murazik-Labadie,Graduated,10-01-2014 06:56 pm
Mr. Sean Hettinger,hettinger.sean-1677@example.com,Murazik-Labadie,Graduated,10-01-2014 06:56 pm
Mr. Rickey Gutkowski,gutkowski.rickey-1678@example.com,Murazik-Labadie,Graduated,10-01-2014 06:56 pm
Mr. Monserrat Cummerata,cummerata.monserrat-1680@example.com,Shields and Sons,Graduated,10-01-2014 06:56 pm
Mr. Bell Kozey,kozey.bell-1682@example.com,Shields and Sons,Graduated,10-01-2014 06:56 pm
Julien Shields,shields.julien-1683@example.com,Osinski Inc,Graduated,10-01-2014 06:56 pm
Dr. Raphaelle Breitenberg,breitenberg.raphaelle-1684@example.com,Osinski Inc,Graduated,10-01-2014 06:56 pm
Glenda Schaefer,schaefer.glenda-1685@example.com,Osinski Inc,Graduated,10-01-2014 06:56 pm
Mrs. Myrtle Turcotte,turcotte.myrtle-1686@example.com,Osinski Inc,Graduated,10-01-2014 06:56 pm
Mr. Jeremie Kihn,kihn.jeremie-1687@example.com,"Barton, Ryan and Cole",Graduated,10-01-2014 06:56 pm
Mathias Collins,collins.mathias-1689@example.com,"Barton, Ryan and Cole",Graduated,10-01-2014 06:56 pm
Mr. Tyree Schamberger,schamberger.tyree-1690@example.com,"Barton, Ryan and Cole",Graduated,10-01-2014 06:56 pm
Afton Runolfsson,runolfsson.afton-1691@example.com,"Barton, Ryan and Cole",Graduated,10-01-2014 06:56 pm
Austin Fahey,fahey.austin-1692@example.com,"Barton, Ryan and Cole",Graduated,10-01-2014 06:56 pm
Tessie Emard,emard.tessie-1693@example.com,"Barton, Ryan and Cole",Graduated,10-01-2014 06:56 pm
Izaiah Pfannerstill,pfannerstill.izaiah-1694@example.com,"Barton, Ryan and Cole",Graduated,10-01-2014 06:56 pm
Mr. Onie Larson,larson.onie-1695@example.com,"Barton, Ryan and Cole",Graduated,10-01-2014 06:56 pm
Carmelo Langworth,langworth.carmelo-1696@example.com,"Yost, Fisher and Larkin",Graduated,10-01-2014 06:56 pm
Ms. Devyn Welch,welch.devyn-1697@example.com,"Yost, Fisher and Larkin",Graduated,10-01-2014 06:56 pm
Mr. Maxime Fay,fay.maxime-1698@example.com,"Yost, Fisher and Larkin",Graduated,10-01-2014 06:56 pm
Mr. Helene Quigley,quigley.helene-1699@example.com,"Yost, Fisher and Larkin",Graduated,10-01-2014 06:56 pm
Torrance Carter,carter.torrance-1700@example.com,"Yost, Fisher and Larkin",Graduated,10-01-2014 06:56 pm
Ignacio Feeney,feeney.ignacio-1701@example.com,"Yost, Fisher and Larkin",Graduated,10-01-2014 06:56 pm
Jacinto Langworth,langworth.jacinto-1702@example.com,"Yost, Fisher and Larkin",Graduated,10-01-2014 06:56 pm
Mr. Jan Rosenbaum,rosenbaum.jan-1703@example.com,"Yost, Fisher and Larkin",Graduated,10-01-2014 06:56 pm
Ms. Al Tremblay,tremblay.al-1704@example.com,Kuhlman LLC,Graduated,10-01-2014 06:56 pm
Kenyatta Hayes,hayes.kenyatta-1705@example.com,Kuhlman LLC,Graduated,10-01-2014 06:56 pm
Mr. Damian Leannon,leannon.damian-1706@example.com,"Gleason, Jakubowski and VonRueden",Graduated,10-01-2014 06:56 pm
Darren Green,green.darren-1707@example.com,"Gleason, Jakubowski and VonRueden",Graduated,10-01-2014 06:56 pm
Mckenna Hudson,hudson.mckenna-1708@example.com,"Kiehn, Durgan and Kuhlman",Graduated,10-01-2014 06:56 pm
Stanley Goyette,goyette.stanley-1709@example.com,"Kiehn, Durgan and Kuhlman",Graduated,10-01-2014 06:56 pm
Mr. Telly Vandervort,vandervort.telly-1710@example.com,Kerluke-Grady,Graduated,10-01-2014 06:56 pm
Tiffany Hammes,hammes.tiffany-1711@example.com,Kerluke-Grady,Graduated,10-01-2014 06:56 pm
Mr. Lenna Ratke,ratke.lenna-1717@example.com,Kerluke-Grady,Graduated,10-01-2014 06:56 pm
Ms. Keanu Schumm,schumm.keanu-1719@example.com,Ratke Group,Graduated,10-01-2014 06:56 pm
Winnifred Schuster,schuster.winnifred-1720@example.com,Ratke Group,Graduated,10-01-2014 06:56 pm
Dennis Kreiger,kreiger.dennis-1721@example.com,Ratke Group,Graduated,10-01-2014 06:56 pm
Marcos Kerluke,kerluke.marcos-1722@example.com,Ratke Group,Graduated,10-01-2014 06:56 pm
Mr. Mollie Nitzsche,nitzsche.mollie-1723@example.com,Ratke Group,Graduated,10-01-2014 06:56 pm
Mrs. Wilfredo Bruen,bruen.wilfredo-1724@example.com,Ratke Group,Graduated,10-01-2014 06:56 pm
Mr. Jakob Schroeder,schroeder.jakob-1725@example.com,Ratke Group,Graduated,10-01-2014 06:56 pm
Mr. Tyrell Weissnat,weissnat.tyrell-1727@example.com,Ratke Group,Graduated,10-01-2014 06:56 pm
Margie Purdy,purdy.margie-1728@example.com,Ratke Group,Graduated,10-01-2014 06:56 pm
Yasmeen Waters,waters.yasmeen-1729@example.com,Ratke Group,Graduated,10-01-2014 06:56 pm
Ms. Maybell Lockman,lockman.maybell-1730@example.com,Ratke Group,Graduated,10-01-2014 06:56 pm
Edmond Eichmann,eichmann.edmond-1731@example.com,Von-Koelpin,Graduated,10-01-2014 06:56 pm
Johnathon Russel,russel.johnathon-1732@example.com,Von-Koelpin,Graduated,10-01-2014 06:56 pm
Mr. Verlie Kovacek,kovacek.verlie-1733@example.com,Von-Koelpin,Graduated,10-01-2014 06:56 pm
Haylee Hudson,hudson.haylee-1734@example.com,Von-Koelpin,Graduated,10-01-2014 06:56 pm
Jeff Kuhlman,kuhlman.jeff-1735@example.com,Von-Koelpin,Graduated,10-01-2014 06:56 pm
Naomie Dietrich,dietrich.naomie-1736@example.com,Von-Koelpin,Graduated,10-01-2014 06:56 pm
Ms. Bertram Heidenreich,heidenreich.bertram-1737@example.com,Collier Inc,Graduated,10-01-2014 06:56 pm
Leone Koelpin,koelpin.leone-1738@example.com,Collier Inc,Graduated,10-01-2014 06:56 pm
Ms. Napoleon Purdy,purdy.napoleon-1739@example.com,Collier Inc,Graduated,10-01-2014 06:56 pm
Kasey Bednar,bednar.kasey-1740@example.com,Collier Inc,Graduated,10-01-2014 06:56 pm
Guido Hettinger,hettinger.guido-1741@example.com,Collier Inc,Graduated,10-01-2014 06:56 pm
Mr. Adriel Torphy,torphy.adriel-1742@example.com,Collier Inc,Graduated,10-01-2014 06:56 pm
Carole Boyle,boyle.carole-1743@example.com,Collier Inc,Graduated,10-01-2014 06:56 pm
Derick Hansen,hansen.derick-1744@example.com,Collier Inc,Graduated,10-01-2014 06:56 pm
Ms. Percival Olson,olson.percival-1745@example.com,"Barrows, Stoltenberg and Marquardt",Graduated,10-01-2014 06:56 pm
Mr. Christopher Sweetland,csweetland.visa@execonline.com,"Barrows, Stoltenberg and Marquardt",Graduated,10-01-2014 06:56 pm
Jess Graham,jgraham.visa@execonline.com,"Barrows, Stoltenberg and Marquardt",Graduated,10-01-2014 06:56 pm
Mr. Andrei Aleikin,aaleikin.visa@execonline.com,"Barrows, Stoltenberg and Marquardt",Graduated,10-01-2014 06:56 pm
Wee Keong Chew,wkchew.visa@execonline.com,"Barrows, Stoltenberg and Marquardt",Graduated,10-01-2014 06:56 pm
Loren Barrows,barrows.loren-1750@example.com,Parisian and Sons,Graduated,10-01-2014 06:56 pm
Chris Kuhn,kuhn.chris-1752@example.com,Parisian and Sons,Graduated,10-01-2014 06:56 pm
Brittany Brown,brown.brittany-1754@example.com,Parisian and Sons,Graduated,10-01-2014 06:56 pm
Alphonso Bode,bode.alphonso-1756@example.com,Konopelski-Lang,Registered,10-01-2014 06:56 pm
Mr. Giovani Kuhlman,kuhlman.giovani-1757@example.com,Konopelski-Lang,Registered,10-01-2014 06:56 pm
Mr. Jeanne Brown,brown.jeanne-1758@example.com,"Sporer, Krajcik and Schamberger",Graduated,10-01-2014 06:56 pm
Ms. Donna Towne,towne.donna-1760@example.com,"Sporer, Krajcik and Schamberger",Registered,10-01-2014 06:56 pm
Mr. Jaclyn Cruickshank,cruickshank.jaclyn-1761@example.com,"Sporer, Krajcik and Schamberger",Graduated,10-01-2014 06:56 pm
Ms. Pauline O'Kon,o'kon.pauline-1763@example.com,"Sporer, Krajcik and Schamberger",Registered,10-01-2014 06:56 pm
Mr. Carolina Shanahan,shanahan.carolina-1764@example.com,"Sporer, Krajcik and Schamberger",Registered,10-01-2014 06:56 pm
Ms. Kory Kautzer,kautzer.kory-1765@example.com,"Sporer, Krajcik and Schamberger",Registered,10-01-2014 06:56 pm
Ms. Garrett Cronin,cronin.garrett-1766@example.com,BD CareFusion,Graduated,10-01-2014 06:56 pm
Daren Beier,beier.daren-1767@example.com,BD CareFusion,Graduated,10-01-2014 06:56 pm
Mr. Burdette Schmeler,schmeler.burdette-1769@example.com,BD CareFusion,Registered,10-01-2014 06:56 pm
Mr. Lindsey Dare,dare.lindsey-1770@example.com,BD CareFusion,Graduated,10-01-2014 06:57 pm
Mr. Donato Greenfelder,greenfelder.donato-1771@example.com,BD CareFusion,Registered,10-01-2014 06:57 pm
Jacinthe Thompson,thompson.jacinthe-1772@example.com,BD CareFusion,Registered,10-01-2014 06:57 pm
Cullen Schmeler,schmeler.cullen-1774@example.com,BD CareFusion,Graduated,10-01-2014 06:57 pm
Mr. Torrey Heller,heller.torrey-1776@example.com,BD CareFusion,Registered,10-01-2014 06:57 pm
Mackenzie Gutmann,gutmann.mackenzie-1777@example.com,BD CareFusion,Registered,10-01-2014 06:57 pm
Ms. Reina D'Amore,d'amore.reina-1778@example.com,BD CareFusion,Registered,10-01-2014 06:57 pm
Marques Marks,marks.marques-1779@example.com,"Kohler, Greenholt and Bode",Registered,10-01-2014 06:57 pm
Gardner Kuphal,kuphal.gardner-1780@example.com,"Kohler, Greenholt and Bode",Registered,10-01-2014 06:57 pm
Guy Botsford,botsford.guy-1781@example.com,"Kohler, Greenholt and Bode",Registered,10-01-2014 06:57 pm
Hailie Mante,mante.hailie-1782@example.com,"Kohler, Greenholt and Bode",Registered,10-01-2014 06:57 pm
Kari Senger,senger.kari-1809@example.com,Sauer Inc,Graduated,10-02-2014 03:50 pm
Alvina Becker,becker.alvina-1812@example.com,Sauer Inc,Graduated,10-02-2014 03:50 pm
Kacie Cormier,cormier.kacie-1813@example.com,Sauer Inc,Graduated,10-02-2014 03:50 pm
Cristobal Hane,hane.cristobal-1815@example.com,Sauer Inc,Graduated,10-02-2014 03:50 pm
Mr. Johathan Blanda,blanda.johathan-1816@example.com,BD CareFusion,Graduated,10-02-2014 03:51 pm
Mr. Darrin Auer,auer.darrin-1874@example.com,"Sporer, Krajcik and Schamberger",Graduated,10-16-2014 12:47 pm
Mike Trujillo,27student1@execonline.com,Krajcik-Berge,Completed,02-13-2015 01:18 pm
Mrs. Sedrick Stanton,stanton.sedrick-2061@example.com,Price Inc,Graduated,02-19-2015 09:54 pm
Mr. Amira Erdman,erdman.amira-2062@example.com,Price Inc,Graduated,02-19-2015 09:54 pm
Mr. Darrick Kshlerin,kshlerin.darrick-2063@example.com,Price Inc,Graduated,02-19-2015 09:54 pm
Ms. Lavern Cremin,cremin.lavern-2064@example.com,Price Inc,Graduated,02-19-2015 09:54 pm
Graciela Wolf,wolf.graciela-2066@example.com,Price Inc,Graduated,02-19-2015 09:54 pm
Mr. Lucius Schaden,schaden.lucius-2073@example.com,Ratke Group,Graduated,02-19-2015 10:06 pm
Ms. Bill Schultz,schultz.bill-2076@example.com,Ratke Group,Graduated,02-19-2015 10:06 pm
Simone Abernathy,abernathy.simone-2078@example.com,Ratke Group,Graduated,02-19-2015 10:06 pm
Mrs. Ronny Wehner,wehner.ronny-2079@example.com,Ratke Group,Graduated,02-19-2015 10:06 pm
Karlee Leffler,leffler.karlee-2080@example.com,Ratke Group,Graduated,02-19-2015 10:06 pm
Mr. Tito Glover,glover.tito-2081@example.com,Ratke Group,Graduated,02-19-2015 10:06 pm
Camryn Bergstrom,bergstrom.camryn-2083@example.com,BD CareFusion,Graduated,02-19-2015 10:13 pm
Ms. Neva Hackett,hackett.neva-2084@example.com,BD CareFusion,Graduated,02-19-2015 10:13 pm
Ms. Kellie Russel,russel.kellie-2085@example.com,BD CareFusion,Graduated,02-19-2015 10:13 pm
Mr. Layne Lowe,lowe.layne-2086@example.com,BD CareFusion,Graduated,02-19-2015 10:13 pm
Mr. Oswaldo McLaughlin,mclaughlin.oswaldo-2088@example.com,"Yost, Fisher and Larkin",Graduated,02-19-2015 10:15 pm
Mr. Savion Labadie,labadie.savion-2089@example.com,"Yost, Fisher and Larkin",Graduated,02-19-2015 10:15 pm
Mr. Charles Casper,casper.charles-2090@example.com,"Yost, Fisher and Larkin",Graduated,02-19-2015 10:15 pm
Freddy Reichel,reichel.freddy-2091@example.com,"Yost, Fisher and Larkin",Graduated,02-19-2015 10:15 pm
Sandra Skiles,skiles.sandra-2097@example.com,"Hayes, Hegmann and Glover",Graduated,02-19-2015 10:21 pm
Dr. Fredrick Swaniawski,swaniawski.fredrick-2098@example.com,"Hayes, Hegmann and Glover",Graduated,02-19-2015 10:21 pm
Raphaelle DuBuque,dubuque.raphaelle-2099@example.com,"Hayes, Hegmann and Glover",Graduated,02-19-2015 10:21 pm
Ms. Emelie Parisian,parisian.emelie-2101@example.com,"Hayes, Hegmann and Glover",Graduated,02-19-2015 10:23 pm
Dr. Maritza Schroeder,schroeder.maritza-2102@example.com,"Hayes, Hegmann and Glover",Graduated,02-19-2015 10:23 pm
Darian O'Connell,o'connell.darian-2103@example.com,"Hayes, Hegmann and Glover",Graduated,02-19-2015 10:23 pm
Mrs. Mckenna Witting,witting.mckenna-2104@example.com,Hettinger-Weimann,Graduated,02-19-2015 10:25 pm
Mr. Zaria Heller,heller.zaria-2105@example.com,Hettinger-Weimann,Graduated,02-19-2015 10:25 pm
Mrs. Amparo Lakin,lakin.amparo-2106@example.com,Hettinger-Weimann,Graduated,02-19-2015 10:25 pm
Mr. Benedict White,white.benedict-2107@example.com,Hettinger-Weimann,Graduated,02-19-2015 10:25 pm
Mr. Trenton Mraz,mraz.trenton-2108@example.com,Hettinger-Weimann,Graduated,02-19-2015 10:25 pm
Mr. Brenden Romaguera,romaguera.brenden-2109@example.com,Hettinger-Weimann,Graduated,02-19-2015 10:25 pm
Mr. Misael McKenzie,mckenzie.misael-2110@example.com,Sporer LLC,Graduated,02-19-2015 10:31 pm
Belle Dietrich,dietrich.belle-2111@example.com,Sporer LLC,Graduated,02-19-2015 10:31 pm
Ms. Tyrique Mante,mante.tyrique-2112@example.com,Sporer LLC,Graduated,02-19-2015 10:31 pm
Mr. Isabelle Ruecker,ruecker.isabelle-2113@example.com,Sporer LLC,Graduated,02-19-2015 10:31 pm
Leonel Cassin,cassin.leonel-2114@example.com,Sporer LLC,Graduated,02-19-2015 10:31 pm
Ms. Arianna Rau,rau.arianna-2115@example.com,Sporer LLC,Graduated,02-19-2015 10:31 pm
Mr. Ressie Douglas,douglas.ressie-2116@example.com,Sporer LLC,Graduated,02-19-2015 10:31 pm
Ms. Caitlyn Lemke,lemke.caitlyn-2117@example.com,Sporer LLC,Graduated,02-19-2015 10:31 pm
Rossie Rempel,rempel.rossie-2119@example.com,Sporer LLC,Graduated,02-19-2015 10:31 pm
Ramona Jacobi,jacobi.ramona-2120@example.com,Sporer LLC,Graduated,02-19-2015 10:31 pm
Floyd Olson,olson.floyd-2121@example.com,Sporer LLC,Graduated,02-19-2015 10:31 pm
Ms. Raul Rice,rice.raul-2122@example.com,Sporer LLC,Graduated,02-19-2015 10:31 pm
Ms. Stefanie Donnelly,donnelly.stefanie-2123@example.com,Sporer LLC,Graduated,02-19-2015 10:31 pm
Ms. Gloria Jenkins,jenkins.gloria-2124@example.com,Sporer LLC,Graduated,02-19-2015 10:31 pm
Mrs. Ambrose Paucek,paucek.ambrose-2125@example.com,Sporer LLC,Graduated,02-19-2015 10:31 pm
Jade Klocko,klocko.jade-2126@example.com,Sporer LLC,Graduated,02-19-2015 10:31 pm
Mitchell Osinski,osinski.mitchell-2127@example.com,Sporer LLC,Graduated,02-19-2015 10:31 pm
Mr. Trace Morar,morar.trace-2128@example.com,Sporer LLC,Graduated,02-19-2015 10:31 pm
Orpha Grant,grant.orpha-2129@example.com,"Stokes, Little and Yost",Graduated,02-19-2015 10:31 pm
Myrtle Aufderhar,aufderhar.myrtle-2130@example.com,"Stokes, Little and Yost",Graduated,02-19-2015 10:31 pm
Brett Schinner,schinner.brett-2131@example.com,"Stokes, Little and Yost",Graduated,02-19-2015 10:31 pm
Abby McKenzie,mckenzie.abby-2132@example.com,"Stokes, Little and Yost",Graduated,02-19-2015 10:31 pm
Davion Heller,heller.davion-2133@example.com,"Stokes, Little and Yost",Graduated,02-19-2015 10:31 pm
Dr. Amelie Haley,haley.amelie-2135@example.com,"MacGyver, Tremblay and Ankunding",Graduated,02-19-2015 10:31 pm
Ike Kozey,kozey.ike-2136@example.com,"MacGyver, Tremblay and Ankunding",Graduated,02-19-2015 10:31 pm
Mr. Olen Dietrich,dietrich.olen-2137@example.com,"MacGyver, Tremblay and Ankunding",Graduated,02-19-2015 10:31 pm
Dr. Irving Swift,swift.irving-2138@example.com,"MacGyver, Tremblay and Ankunding",Graduated,02-19-2015 10:31 pm
Ms. Thalia Upton,upton.thalia-2139@example.com,"MacGyver, Tremblay and Ankunding",Graduated,02-19-2015 10:31 pm
Mr. Mark Conroy,conroy.mark-2140@example.com,"MacGyver, Tremblay and Ankunding",Graduated,02-19-2015 10:31 pm
Mr. Jeffry Herzog,herzog.jeffry-2141@example.com,"MacGyver, Tremblay and Ankunding",Graduated,02-19-2015 10:31 pm
Dr. Cornell Sanford,sanford.cornell-2142@example.com,"MacGyver, Tremblay and Ankunding",Graduated,02-19-2015 10:31 pm
Mr. Alan Lakin,lakin.alan-2143@example.com,"MacGyver, Tremblay and Ankunding",Graduated,02-19-2015 10:31 pm
Una Gleichner,gleichner.una-2144@example.com,"MacGyver, Tremblay and Ankunding",Graduated,02-19-2015 10:31 pm
Alexzander Hermiston,hermiston.alexzander-2145@example.com,"MacGyver, Tremblay and Ankunding",Graduated,02-19-2015 10:31 pm
Mr. Sean Swaniawski,swaniawski.sean-2146@example.com,"MacGyver, Tremblay and Ankunding",Graduated,02-19-2015 10:31 pm
Mr. Adriel Krajcik,krajcik.adriel-2147@example.com,"MacGyver, Tremblay and Ankunding",Graduated,02-19-2015 10:31 pm
Mr. Mozell Medhurst,medhurst.mozell-2148@example.com,"MacGyver, Tremblay and Ankunding",Graduated,02-19-2015 10:31 pm
Garnet Lockman,lockman.garnet-2149@example.com,"MacGyver, Tremblay and Ankunding",Graduated,02-19-2015 10:31 pm
Mr. Frederik Walker,walker.frederik-2150@example.com,"MacGyver, Tremblay and Ankunding",Graduated,02-19-2015 10:31 pm
Mr. Alexander Rowe,rowe.alexander-2151@example.com,"MacGyver, Tremblay and Ankunding",Graduated,02-19-2015 10:31 pm
Mr. Faye Kunze,kunze.faye-2152@example.com,"MacGyver, Tremblay and Ankunding",Graduated,02-19-2015 10:31 pm
Mr. Rex Stokes,stokes.rex-2153@example.com,"MacGyver, Tremblay and Ankunding",Graduated,02-19-2015 10:31 pm
Mr. Loyce Oberbrunner,oberbrunner.loyce-2156@example.com,"MacGyver, Tremblay and Ankunding",Graduated,02-19-2015 10:36 pm
Demarcus Zieme,zieme.demarcus-2157@example.com,"MacGyver, Tremblay and Ankunding",Graduated,02-19-2015 10:36 pm
Mr. Hank Maggio,maggio.hank-2158@example.com,"MacGyver, Tremblay and Ankunding",Graduated,02-19-2015 10:36 pm
Mr. Faye Green,green.faye-2159@example.com,"MacGyver, Tremblay and Ankunding",Graduated,02-19-2015 10:36 pm
Ms. Kira Crooks,crooks.kira-2160@example.com,"Stokes, Little and Yost",Graduated,02-19-2015 10:37 pm
Casimir Roob,roob.casimir-2161@example.com,"Stokes, Little and Yost",Graduated,02-19-2015 10:37 pm
Maya Howe,howe.maya-2162@example.com,"Stokes, Little and Yost",Graduated,02-19-2015 10:37 pm
Arch Morar,morar.arch-2163@example.com,"Balistreri, Mueller and Parker",Graduated,02-19-2015 10:39 pm
Mrs. Rosemary Satterfield,satterfield.rosemary-2164@example.com,"Balistreri, Mueller and Parker",Graduated,02-19-2015 10:39 pm
Mr. Billie Rohan,rohan.billie-2166@example.com,"Balistreri, Mueller and Parker",Completed,02-19-2015 10:39 pm
Mr. Dannie Grady,grady.dannie-2167@example.com,"Balistreri, Mueller and Parker",Completed,02-19-2015 10:39 pm
Mr. Antonia Steuber,steuber.antonia-2169@example.com,Mohr-Maggio,Completed,02-19-2015 10:39 pm
Mr. Jerald Beatty,beatty.jerald-2170@example.com,Mohr-Maggio,Completed,02-19-2015 10:39 pm
Mr. Isabella Schmidt,schmidt.isabella-2171@example.com,Mohr-Maggio,Completed,02-19-2015 10:39 pm
Mr. Alessia Torp,torp.alessia-2172@example.com,Mohr-Maggio,Graduated,02-19-2015 10:39 pm
Mr. Stefan Schuster,schuster.stefan-2173@example.com,Mohr-Maggio,Completed,02-19-2015 10:39 pm
Mr. Makenzie Tromp,tromp.makenzie-2175@example.com,Collier Inc,Completed,02-20-2015 08:20 am
Marley Reichel,reichel.marley-2176@example.com,Collier Inc,Completed,02-20-2015 08:20 am
Kevon Schmidt,schmidt.kevon-2177@example.com,Collier Inc,Completed,02-20-2015 08:20 am
Mr. Oral Abbott,abbott.oral-2178@example.com,Collier Inc,Completed,02-20-2015 08:20 am
Lesly Barrows,barrows.lesly-2180@example.com,Collier Inc,Completed,02-20-2015 08:20 am
Mr. Claud Heathcote,heathcote.claud-2181@example.com,Collier Inc,Graduated,02-20-2015 08:20 am
Mrs. Dejah Kuhlman,kuhlman.dejah-2182@example.com,"Stokes, Little and Yost",Completed,02-20-2015 08:24 am
Kattie Schuppe,schuppe.kattie-2185@example.com,"Yost, Fisher and Larkin",Completed,02-20-2015 05:56 pm
Mr. Berenice Nicolas,nicolas.berenice-2186@example.com,"Yost, Fisher and Larkin",Graduated,02-20-2015 05:56 pm
Brycen Hirthe,hirthe.brycen-2187@example.com,"Yost, Fisher and Larkin",Graduated,02-20-2015 05:56 pm
Mr. Lucile Witting,witting.lucile-2188@example.com,"Yost, Fisher and Larkin",Graduated,02-20-2015 05:56 pm
Mr. Yolanda Littel,littel.yolanda-2189@example.com,"Yost, Fisher and Larkin",Graduated,02-20-2015 05:56 pm
Ms. Bernita Kihn,kihn.bernita-2190@example.com,"Yost, Fisher and Larkin",Graduated,02-20-2015 05:56 pm
Mr. Nasir Collier,collier.nasir-2191@example.com,Ratke Group,Completed,02-20-2015 05:56 pm
Mr. Maud Murazik,murazik.maud-2192@example.com,Ratke Group,Completed,02-20-2015 05:56 pm
Mr. Lucio Macejkovic,macejkovic.lucio-2193@example.com,Ratke Group,Completed,02-20-2015 05:56 pm
Ms. Leora Carter,carter.leora-2194@example.com,Ratke Group,Graduated,02-20-2015 05:56 pm
Drew Herzog,herzog.drew-2195@example.com,Price Inc,Graduated,02-20-2015 05:56 pm
Mr. Israel Kuhlman,kuhlman.israel-2196@example.com,Price Inc,Completed,02-20-2015 05:56 pm
Mr. Jazmyne Willms,willms.jazmyne-2197@example.com,Price Inc,Completed,02-20-2015 05:56 pm
Abbigail Heller,heller.abbigail-2198@example.com,Price Inc,Completed,02-20-2015 05:56 pm
Ms. Dewitt Pagac,pagac.dewitt-2199@example.com,Price Inc,Graduated,02-20-2015 05:56 pm
Ms. Kimberly Huels,huels.kimberly-2200@example.com,Price Inc,Graduated,02-20-2015 05:56 pm
Mr. Dorthy Dach,dach.dorthy-2202@example.com,"Balistreri, Mueller and Parker",Graduated,02-20-2015 05:56 pm
Ms. Else Cole,cole.else-2203@example.com,"Balistreri, Mueller and Parker",Graduated,02-20-2015 05:56 pm
Mr. Rachel Turner,turner.rachel-2204@example.com,"Balistreri, Mueller and Parker",Graduated,02-20-2015 05:56 pm
